{
  "lr": 0.009487502590718969,
  "weight_decay": 0.0006078706616850018,
  "batch_size": 16,
  "class_weight_ratio": 1.1349646700825222,
  "drop_path_prob": 0.18615678763726207
}